facility_id,location,facility_name,bloodchain_email,password
ar_h_01,Ariyalur,Government Medical College Hospital,ar-h-01@bloodchain.demo,Kq%MV3MfB!h!OsI@I5
ce_h_01,Chengalpattu,Chengalpattu Medical College Hospital,ce-h-01@bloodchain.demo,njwEO@G1BXuKlkV$cE
ch_b_01,Chennai,Indian Voluntary Blood Bank,ch-b-01@bloodchain.demo,mC7wRMM9E%EpO7Oke8
ch_b_02,Chennai,National Voluntary Blood Centre,ch-b-02@bloodchain.demo,zzYq1dYYUt1Ub#juhS
ch_b_03,Chennai,Lions Blood Bank,ch-b-03@bloodchain.demo,sioK%A8dKDy2Zd!HX4
ch_b_04,Chennai,Rotary Central TTK VHS Blood Bank,ch-b-04@bloodchain.demo,OSkW$R5IuZRXIV8yF0
ch_b_05,Chennai,Jeevan Blood Bank / Jeevan Stem Cell Foundation,ch-b-05@bloodchain.demo,fzT@f8hs06UQB7OMeO
ch_b_06,Chennai,Madras Voluntary Blood Bureau,ch-b-06@bloodchain.demo,6VPOS9eUtP@@GzgYFE
ch_h_01,Chennai,Rajiv Gandhi Government General Hospital,ch-h-01@bloodchain.demo,9j$3vVNUnUgtu!B9Ix
ch_h_02,Chennai,Government Stanley Medical College Hospital,ch-h-02@bloodchain.demo,C5lQxGA%i8ydF7ZjY%
ch_h_03,Chennai,Government Kilpauk Medical College Hospital,ch-h-03@bloodchain.demo,mQ$Ftkjv0YMIe%%@c3
ch_h_04,Chennai,Tamil Nadu Government Multi Super Speciality Hospital,ch-h-04@bloodchain.demo,4JL0DrP7qEa#x%Y8qt
ch_h_05,Chennai,"Apollo Hospitals, Greams Road",ch-h-05@bloodchain.demo,ff7Q52US2INky0#KSS
ch_h_06,Chennai,MIOT International,ch-h-06@bloodchain.demo,lLLTjj79uI@aQkhpF$
co_b_01,Coimbatore,Coimbatore Medical College Hospital Blood Bank,co-b-01@bloodchain.demo,HGAHrD7YVW@!k@vaFj
co_h_01,Coimbatore,Coimbatore Medical College Hospital,co-h-01@bloodchain.demo,9#QBM#WTKrr!acP7GN
co_h_02,Coimbatore,Sri Ramakrishna Hospital,co-h-02@bloodchain.demo,ekfOaJt2RbGtXl5@Xp
dh_h_01,Dharmapuri,Government Dharmapuri Medical College Hospital,dh-h-01@bloodchain.demo,u#XXZqSYF2VQrTS0en
di_b_01,Dindigul,Tamil Nadu Voluntary Blood Bank,di-b-01@bloodchain.demo,bTMef3%DYHi79NqGHU
di_h_01,Dindigul,Government Medical College Hospital,di-h-01@bloodchain.demo,iR5vl%KBNu7JcYZFZA
er_b_01,Erode,Tamil Nadu Voluntary Blood Bank & Research Centre,er-b-01@bloodchain.demo,uFuR%BxN2t5vm6XscQ
ka_h_01,Karur,Government Medical College Hospital,ka-h-01@bloodchain.demo,8i9zc0Z4i2yW!p3XWt
kg_h_01,Krishnagiri,Government Medical College Hospital,kg-h-01@bloodchain.demo,#bY9TLexsJ0HL0wN7X
ky_h_01,Kanyakumari,Government Kanyakumari Medical College Hospital,ky-h-01@bloodchain.demo,TYl#k7Iix6Ni7IZpIS
ma_b_01,Madurai,Madurai Voluntary Blood Bank & Research Centre,ma-b-01@bloodchain.demo,dCaym!Wf8Hz#iTG62C
ma_b_02,Madurai,Government Rajaji Hospital Blood Bank,ma-b-02@bloodchain.demo,!vE9PWaJPn!Rf@U#N8
ma_h_01,Madurai,Government Rajaji Hospital,ma-h-01@bloodchain.demo,kI4un3Vkk#riNcOtqz
na_h_01,Namakkal,Government Medical College Hospital,na-h-01@bloodchain.demo,18uUWRT%9OhIsbr@LT
pu_h_01,Pudukkottai,Government Medical College Hospital,pu-h-01@bloodchain.demo,tMviG1OnDupNI%AyHe
ra_h_01,Ramanathapuram,Government Medical College Hospital,ra-h-01@bloodchain.demo,8vQN@@#Li!Uq58p3uZ
sa_b_01,Salem,Salem Blood Bank,sa-b-01@bloodchain.demo,NE3dyrnjN#WTT6#N88
sa_b_02,Salem,Maruthi Blood Bank,sa-b-02@bloodchain.demo,dmWAkLG6D@zHrN@hky
sa_b_03,Salem,SKS Blood Bank,sa-b-03@bloodchain.demo,EaPmBMDs!6y#QEcQ7j
sa_b_04,Salem,Government Mohan Kumaramangalam Medical College Blood Bank,sa-b-04@bloodchain.demo,SfPPpTEOKFmL#J1cwl
sa_h_01,Salem,Government Mohan Kumaramangalam Medical College Hospital,sa-h-01@bloodchain.demo,bUGX!bdtZ@5B$b8hVj
si_h_01,Sivaganga,Government Sivagangai Medical College Hospital,si-h-01@bloodchain.demo,2E3Y#g995!dfpUMnjd
th_b_01,Thanjavur,Sri Velan Blood Centre,th-b-01@bloodchain.demo,$aXMM78KtKxEy2AvQw
th_b_02,Thanjavur,Thanjavur Medical College Hospital Blood Bank,th-b-02@bloodchain.demo,K2bwZUyr%PlqnHZazo
th_h_01,Thanjavur,Thanjavur Medical College Hospital,th-h-01@bloodchain.demo,sV8l%FEN0RzbT$eJP@
ti_b_01,Tirunelveli,Tirunelveli Medical College Hospital Blood Bank,ti-b-01@bloodchain.demo,eovX5hu82zIS#o2uL0
ti_h_01,Tirunelveli,Tirunelveli Medical College Hospital,ti-h-01@bloodchain.demo,aKNPm!PkLjWX7OQLuo
tn_h_01,Theni,Government Theni Medical College Hospital,tn-h-01@bloodchain.demo,k!Dtxl6q%0CdIoYJQF
to_h_01,Thoothukudi,Government Thoothukudi Medical College Hospital,to-h-01@bloodchain.demo,@e5lZ2OhlE6#$!i@0z
tr_b_01,Tiruchirappalli,Kauvery Blood Centre,tr-b-01@bloodchain.demo,N@1oO5DhBORzxOXamo
tr_h_01,Tiruchirappalli,K.A.P. Viswanatham Government Medical College Hospital,tr-h-01@bloodchain.demo,X%KR#K5W9nCOIrIHAd
tr_h_02,Tiruchirappalli,Kauvery Hospital,tr-h-02@bloodchain.demo,R9IOfG$0f5!H5QUFk$
tu_h_01,Tiruvarur,Government Medical College Hospital,tu-h-01@bloodchain.demo,O5XR$c2wFTShx08@PW
tv_h_01,Tiruvannamalai,Government Medical College Hospital,tv-h-01@bloodchain.demo,RnTaoJ3@eDt2%BU$B$
ve_b_01,Vellore,Government Vellore Medical College Hospital Blood Bank,ve-b-01@bloodchain.demo,HkNq#%u8%G8tzA!54w
ve_h_01,Vellore,Government Vellore Medical College Hospital,ve-h-01@bloodchain.demo,Ptvi#Y9KFKWzI!dfZU
